,mean_accuracy,std
Logistic Regression,0.9701388888888889,0.026498311150470716
Random Forest,0.976388888888889,0.029000851413640425
Gradient Boosting,0.9697222222222223,0.03800990774021628
